{
    "loss": 18.049007415771484,
    "accuracy": 0.48201438784599304
}