{
    "loss": 0.6007197499275208,
    "accuracy": 0.8987796306610107
}