{
    "loss": 5.529659748077393,
    "accuracy": 0.5035971403121948
}