{
    "loss": 10.866485595703125,
    "accuracy": 0.5405599474906921
}